{
  "timestamp": "2026-07-07 13:41:41",
  "total_cost": 0.10989346190000004,
  "results": {
    "glm-5.2": {
      "correct": 18,
      "total": 20,
      "accuracy": 90.0,
      "cost": 0.0227013578
    },
    "deepseek-v4-pro": {
      "correct": 20,
      "total": 20,
      "accuracy": 100.0,
      "cost": 0.009385116800000001
    },
    "gemini-3-flash": {
      "correct": 19,
      "total": 20,
      "accuracy": 95.0,
      "cost": 0.0240375
    },
    "nemotron-3-ultra": {
      "correct": 18,
      "total": 18,
      "accuracy": 100.0,
      "cost": 0
    },
    "moa-fusion": {
      "correct": 20,
      "total": 20,
      "accuracy": 100.0,
      "cost": 0.0537694873
    }
  }
}