{
  "trained": true,
  "weights": [
    -0.24305788702638662,
    -0.09499784895546662,
    -0.04499413632617615,
    0.11056286935161427,
    -0.24639666015791445,
    0.03533989748458227,
    0.0784359135409691,
    -0.08261223347411678,
    0.2171775423064151,
    -0.3877314591031028,
    -0.05627240503927933,
    0.001071057620672472,
    -0.09469280606322728,
    -0.06023246986267031,
    0.029976887555904635,
    0.008988296120643335,
    -0.055911875591860664,
    0.017853136775181744,
    0.06188609133556533,
    -0.0987002480643878,
    0.22708457208841107,
    0.2724210573670063,
    -0.03194989669640162,
    -0.06890410003764369,
    0.09144261444135623,
    -0.03268109097747465,
    -0.08145083132397042,
    0.15213645373605372,
    0.06949887326949197,
    0.02074520627337821,
    0.06142565465487604,
    -0.35267810500162217,
    0.007245618290940142,
    0.09462315279587413,
    -0.0242931245583293,
    0.010408126254645406,
    0.06588093285059898,
    0.25649712884221015,
    0.07234138006215546,
    0.015470429051352402,
    0.040914367242984695,
    -0.09083512326886756,
    -0.054420344869690634,
    -0.04212240727957857,
    -0.0840416046152745,
    -0.053441822727793964,
    -0.07979971411805419,
    -0.04440527937798158,
    0.027136888852880042,
    -0.027033564205983157,
    -0.025963806576623477,
    -0.05809859384570246,
    -0.04660443559017733,
    0.0873309175424988,
    0.029607077049318697,
    -0.9297571021918539,
    -0.06577227036038061,
    0.045825359590069836,
    -0.06731950124761432,
    -0.02410891164847044,
    0.09790467012731904,
    0.02799995197081856,
    0.011389948754929241,
    0.03692285019797492,
    0.06857038403796192,
    0.05519998230924897,
    -0.05419038560717913,
    -0.09357995121919245,
    -0.036909390388183624,
    -0.04645182480485946,
    -0.05780343128273471,
    0.0885819428670109,
    0.24119424701638326,
    -0.03706442384030442,
    0.031087733058975997,
    -0.020873619787867143,
    -0.7145178101299313,
    -0.008229629482520234,
    -0.04702396670038951,
    -0.05067449846120331,
    0.012273626832630155,
    -0.04745167829541295,
    0.016917198044708107,
    0.07956457672049541,
    -0.02011989897192054,
    -0.056135848168543334,
    0.09950752129902204,
    0.001905258735292903,
    -0.08181811756524122,
    0.04915579604552409,
    -0.07807017392986818,
    -0.7719381197374219,
    0.05841587287259284,
    -0.17556467867836523
  ],
  "bias": -1.6870613721758625,
  "feature_keys": [
    "has_math_expr",
    "kw_algebra",
    "kw_algorithm",
    "kw_analyze",
    "kw_api",
    "kw_automate",
    "kw_bug",
    "kw_build_a",
    "kw_calculate",
    "kw_capital_of",
    "kw_code",
    "kw_compare",
    "kw_compile",
    "kw_compose",
    "kw_configure",
    "kw_consequence",
    "kw_create_a_story",
    "kw_debug",
    "kw_define",
    "kw_definition",
    "kw_deploy",
    "kw_derivative",
    "kw_difference_between",
    "kw_differential",
    "kw_docker",
    "kw_equation",
    "kw_error:",
    "kw_evaluate",
    "kw_execute",
    "kw_explain",
    "kw_factor",
    "kw_function",
    "kw_generate_a",
    "kw_geometry",
    "kw_golang",
    "kw_graphql",
    "kw_history_of",
    "kw_how",
    "kw_implication",
    "kw_install",
    "kw_integral",
    "kw_java",
    "kw_javascript",
    "kw_kubernetes",
    "kw_largest",
    "kw_limit",
    "kw_math",
    "kw_matrix",
    "kw_meaning_of",
    "kw_pipeline",
    "kw_polynomial",
    "kw_prime",
    "kw_probability",
    "kw_product",
    "kw_prove",
    "kw_python",
    "kw_react",
    "kw_rest",
    "kw_run",
    "kw_rust",
    "kw_screenplay",
    "kw_series",
    "kw_setup",
    "kw_smallest",
    "kw_solve",
    "kw_sql",
    "kw_statistics",
    "kw_sum",
    "kw_tallest",
    "kw_tensor",
    "kw_theorem",
    "kw_topology",
    "kw_trade_off",
    "kw_tradeoff",
    "kw_typescript",
    "kw_vector",
    "kw_what_is",
    "kw_when_did",
    "kw_where_is",
    "kw_who_is",
    "kw_why",
    "kw_workflow",
    "kw_write_a_blog",
    "kw_write_a_letter",
    "kw_write_a_poem",
    "kw_write_a_script",
    "kw_write_a_song",
    "kw_write_a_story",
    "kw_write_an_essay",
    "query_length",
    "starts_with_how",
    "starts_with_what_is",
    "starts_with_why",
    "word_count"
  ],
  "accuracy": 1.0,
  "training_samples": 56,
  "feature_importance": {
    "kw_python": 0.9297571021918539,
    "starts_with_what_is": 0.7719381197374219,
    "kw_what_is": 0.7145178101299313,
    "kw_capital_of": 0.3877314591031028,
    "kw_function": 0.35267810500162217,
    "kw_derivative": 0.2724210573670063,
    "kw_how": 0.25649712884221015,
    "kw_api": 0.24639666015791445,
    "has_math_expr": 0.24305788702638662,
    "kw_trade_off": 0.24119424701638326,
    "kw_deploy": 0.22708457208841107,
    "kw_calculate": 0.2171775423064151,
    "word_count": 0.17556467867836523,
    "kw_evaluate": 0.15213645373605372,
    "kw_analyze": 0.11056286935161427,
    "kw_write_a_song": 0.09950752129902204,
    "kw_definition": 0.0987002480643878,
    "kw_screenplay": 0.09790467012731904,
    "kw_algebra": 0.09499784895546662,
    "kw_compile": 0.09469280606322728,
    "kw_geometry": 0.09462315279587413,
    "kw_sum": 0.09357995121919245,
    "kw_docker": 0.09144261444135623,
    "kw_java": 0.09083512326886756,
    "kw_topology": 0.0885819428670109,
    "kw_product": 0.0873309175424988,
    "kw_largest": 0.0840416046152745,
    "kw_build_a": 0.08261223347411678,
    "kw_write_an_essay": 0.08181811756524122,
    "kw_error:": 0.08145083132397042,
    "kw_math": 0.07979971411805419,
    "kw_write_a_letter": 0.07956457672049541,
    "kw_bug": 0.0784359135409691,
    "starts_with_how": 0.07807017392986818,
    "kw_implication": 0.07234138006215546,
    "kw_execute": 0.06949887326949197,
    "kw_differential": 0.06890410003764369,
    "kw_solve": 0.06857038403796192,
    "kw_run": 0.06731950124761432,
    "kw_history_of": 0.06588093285059898,
    "kw_react": 0.06577227036038061,
    "kw_define": 0.06188609133556533,
    "kw_factor": 0.06142565465487604,
    "kw_compose": 0.06023246986267031,
    "starts_with_why": 0.05841587287259284,
    "kw_prime": 0.05809859384570246,
    "kw_theorem": 0.05780343128273471,
    "kw_code": 0.05627240503927933,
    "kw_write_a_script": 0.056135848168543334,
    "kw_create_a_story": 0.055911875591860664,
    "kw_sql": 0.05519998230924897,
    "kw_javascript": 0.054420344869690634,
    "kw_statistics": 0.05419038560717913,
    "kw_limit": 0.053441822727793964,
    "kw_who_is": 0.05067449846120331,
    "query_length": 0.04915579604552409,
    "kw_workflow": 0.04745167829541295,
    "kw_where_is": 0.04702396670038951,
    "kw_probability": 0.04660443559017733,
    "kw_tensor": 0.04645182480485946,
    "kw_rest": 0.045825359590069836,
    "kw_algorithm": 0.04499413632617615,
    "kw_matrix": 0.04440527937798158,
    "kw_kubernetes": 0.04212240727957857,
    "kw_integral": 0.040914367242984695,
    "kw_tradeoff": 0.03706442384030442,
    "kw_smallest": 0.03692285019797492,
    "kw_tallest": 0.036909390388183624,
    "kw_automate": 0.03533989748458227,
    "kw_equation": 0.03268109097747465,
    "kw_difference_between": 0.03194989669640162,
    "kw_typescript": 0.031087733058975997,
    "kw_configure": 0.029976887555904635,
    "kw_prove": 0.029607077049318697,
    "kw_series": 0.02799995197081856,
    "kw_meaning_of": 0.027136888852880042,
    "kw_pipeline": 0.027033564205983157,
    "kw_polynomial": 0.025963806576623477,
    "kw_golang": 0.0242931245583293,
    "kw_rust": 0.02410891164847044,
    "kw_vector": 0.020873619787867143,
    "kw_explain": 0.02074520627337821,
    "kw_write_a_poem": 0.02011989897192054,
    "kw_debug": 0.017853136775181744,
    "kw_write_a_blog": 0.016917198044708107,
    "kw_install": 0.015470429051352402,
    "kw_why": 0.012273626832630155,
    "kw_setup": 0.011389948754929241,
    "kw_graphql": 0.010408126254645406,
    "kw_consequence": 0.008988296120643335,
    "kw_when_did": 0.008229629482520234,